{
  "isHexa": false,
  "dimension": 2,
  "alphabet": [
    "10000"
  ],
  "colors": [
    "500"
  ],
  "voisinage": [
    [
      0,
      0
    ],
    [
      -1,
      1
    ],
    [
      1,
      1
    ],
    [
      1,
      -1
    ],
    [
      -1,
      -1
    ],
    [
      -2,
      -2
    ],
    [
      -2,
      2
    ],
    [
      2,
      2
    ],
    [
      2,
      -2
    ],
    [
      0,
      1
    ]
  ],
  "regle": {
    "weightNeighbour": [
      0.0,
      1.1221945137157108,
      1.1221945137157108,
      1.1221945137157108,
      1.1221945137157108,
      1.1221945137157108,
      1.1221945137157108,
      1.1221945137157108,
      1.1221945137157108,
      0.022443890274314218
    ],
    "poidTotal": 8.0,
    "name": "average"
  }
}